{"accuracy": [0.33649036288261414, 0.40559515357017517, 0.43164417147636414, 0.44678395986557007, 0.4565849006175995, 0.46309858560562134, 0.4684581756591797, 0.4727376699447632, 0.476331889629364, 0.47960060834884644, 0.4822058379650116, 0.4847225546836853, 0.48677587509155273, 0.48882433772087097, 0.49075502157211304, 0.4923858344554901, 0.4939935803413391, 0.49541011452674866, 0.49718043208122253, 0.49845799803733826], "loss": [2.371462345123291, 2.10768723487854, 2.0008091926574707, 1.9358998537063599, 1.8949750661849976, 1.8670984506607056, 1.8452510833740234, 1.8280235528945923, 1.8138309717178345, 1.8009569644927979, 1.790700078010559, 1.7813749313354492, 1.7727323770523071, 1.7655997276306152, 1.758446455001831, 1.752040147781372, 1.7463470697402954, 1.7406163215637207, 1.7350283861160278, 1.7299457788467407], "val_accuracy": [0.3901020884513855, 0.4202262759208679, 0.4411509931087494, 0.45177000761032104, 0.46042877435684204, 0.46410998702049255, 0.46808376908302307, 0.47147655487060547, 0.4740438163280487, 0.4756273925304413, 0.47786596417427063, 0.4790746867656708, 0.48050665855407715, 0.4812925159931183, 0.48242366313934326, 0.48366791009902954, 0.4841967523097992, 0.48462432622909546, 0.4856387972831726, 0.486335813999176], "val_loss": [2.172485589981079, 2.0494942665100098, 1.9618726968765259, 1.9172663688659668, 1.8815135955810547, 1.863702654838562, 1.8482505083084106, 1.8336780071258545, 1.824280023574829, 1.8175915479660034, 1.8094807863235474, 1.8050295114517212, 1.7986109256744385, 1.7951414585113525, 1.7923089265823364, 1.7880891561508179, 1.7851619720458984, 1.7838393449783325, 1.7803750038146973, 1.7788794040679932], "learning_rate": [0.0003000000142492354, 0.0003000000142492354, 0.0003000000142492354, 0.0003000000142492354, 0.0003000000142492354, 0.0003000000142492354, 0.0003000000142492354, 0.0003000000142492354, 0.0003000000142492354, 0.0003000000142492354, 0.0003000000142492354, 0.0003000000142492354, 0.0003000000142492354, 0.0003000000142492354, 0.0003000000142492354, 0.0003000000142492354, 0.0003000000142492354, 0.0003000000142492354, 0.0003000000142492354, 0.0003000000142492354]}