{"accuracy": [0.470333456993103, 0.5129908323287964, 0.5235651731491089, 0.5298864841461182, 0.5343155860900879, 0.5370972752571106, 0.53937166929245, 0.5417891144752502, 0.5437099933624268, 0.5459407567977905], "loss": [3.2421417236328125, 2.941375494003296, 2.8739473819732666, 2.8246233463287354, 2.7833986282348633, 2.7537035942077637, 2.7312426567077637, 2.7091307640075684, 2.693054437637329, 2.677927255630493], "val_accuracy": [0.5086072087287903, 0.5218826532363892, 0.5301998257637024, 0.5357434153556824, 0.5394137501716614, 0.5406572818756104, 0.5429102182388306, 0.5449325442314148, 0.5472865700721741, 0.5483047962188721], "val_loss": [2.9790866374969482, 2.895883798599243, 2.8412322998046875, 2.7977583408355713, 2.7640981674194336, 2.743828296661377, 2.7217795848846436, 2.709379196166992, 2.6949877738952637, 2.687187671661377], "learning_rate": [0.0003000000142492354, 0.0003000000142492354, 0.0003000000142492354, 0.0003000000142492354, 0.0003000000142492354, 0.0003000000142492354, 0.0003000000142492354, 0.0003000000142492354, 0.0003000000142492354, 0.0003000000142492354]}